0,A1CF 
1,A2M 
2,AADAC 
3,ABCA1 
4,ABCB1 
5,ABCB5 
6,ABCC3 
7,ABCC4 
8,ABCC8 
9,ABCC9 
10,ABI3BP 
11,ABI3 
12,ABTB2 
13,ACE 
14,ACP5 
15,ACPP 
16,ACSL1 
17,ACSL4 
18,ACSL5 
19,ACSS1 
20,ACTA1 
21,ACTA2 
22,ACTC1 
23,ACTN1 
24,ACTN4 
25,ACVR1C 
26,ACVRL1 
27,ADAM12 
28,ADAM19 
29,ADAM20 
30,ADAM28 
31,ADAM9 
32,ADAMDEC1 
33,ADAMTS12 
34,ADAMTS1 
35,ADAMTS2 
36,ADAMTS4 
37,ADAMTS5 
38,ADAMTS7 
39,ADAMTS9 
40,ADAMTSL1 
41,ADAP2 
42,ADCY1 
43,ADCY2 
44,ADCY5 
45,ADCYAP1 
46,ADD3 
47,ADH1C 
48,ADM 
49,ADORA3 
50,ADRA2A 
51,ADRB2 
52,AEBP1 
53,AFAP1L1 
54,AGPAT9 
55,AGR2 
56,AGR3 
57,AGTR1 
58,AGT 
59,AHNAK2 
60,AHNAK 
61,AHRR 
62,AHR 
63,AIF1 
64,AIM1 
65,AJAP1 
66,AK4 
67,AK5 
68,AKAP12 
69,AKAP7 
70,AKR1B10 
71,AKR1C1 
72,AKR1C2 
73,AKR1C3 
74,AKR7A3 
75,ALB 
76,ALCAM 
77,ALDH1A2 
78,ALDH1A3 
79,ALDH1L2 
80,ALDH3A2 
81,ALDOB 
82,ALOX5AP 
83,ALOX5 
84,AMBP 
85,AMIGO2 
86,AMOTL1 
87,AMOTL2 
88,AMPH 
89,AMY2A 
90,AMY2B 
91,ANGPT2 
92,ANGPTL2 
93,ANGPTL4 
94,ANK1 
95,ANK2 
96,ANK3 
97,ANKRD1 
98,ANKRD30B 
99,ANKRD33B 
100,ANKRD37 
101,ANKS1B 
102,ANLN 
103,ANO1 
104,ANO6 
105,ANPEP 
106,ANTXR1 
107,ANXA10 
108,ANXA13 
109,ANXA1 
110,ANXA2P2 
111,ANXA2 
112,ANXA3 
113,ANXA4 
114,ANXA9 
115,AOC2 
116,AOX1 
117,AP1S2 
118,APBB1IP 
119,APCDD1L 
120,APCDD1 
121,APCS 
122,APLNR 
123,APOBEC2 
124,APOC1 
125,APOH 
126,APOL1 
127,APOL4 
128,AQP1 
129,AQP3 
130,AQP8 
131,ARAP3 
132,ARC 
133,ARG2 
134,ARHGAP18 
135,ARHGAP23 
136,ARHGAP25 
137,ARHGAP29 
138,ARHGAP30 
139,ARHGAP31 
140,ARHGDIB 
141,ARHGEF17 
142,ARHGEF2 
143,ARHGEF3 
144,ARHGEF6 
145,ARID5B 
146,ARL14 
147,ARL4C 
148,ARL4D 
149,ARRB2 
150,ARRDC3 
151,ARRDC4 
152,ARX 
153,AR 
154,ASAP1 
155,ASAP2 
156,ASB4 
157,ASB9 
158,ASCL1 
159,ASF1B 
160,ASGR1 
161,ASNS 
162,ASPM 
163,ASS1 
164,ATF3 
165,ATF5 
166,ATOH8 
167,ATP10B 
168,ATP11A 
169,ATP1A1 
170,ATP1B1 
171,ATP1B2 
172,ATP1B3 
173,ATP2A3 
174,ATP6V0D2 
175,ATP8B1 
176,AURKB 
177,AVIL 
178,AXL 
179,AZGP1 
180,B3GNT7 
181,B4GALT1 
182,B4GALT5 
183,BAALC 
184,BAAT 
185,BACE2 
186,BACH2 
187,BAG3 
188,BAMBI 
189,BASP1 
190,BAZ1A 
191,BCAS1 
192,BCAT1 
193,BCHE 
194,BCL2A1 
195,BCL2L11 
196,BCL2 
197,BCL3 
198,BCL6B 
199,BCYRN1 
200,BDH2 
201,BDKRB1 
202,BDKRB2 
203,BGN 
204,BHLHE40 
205,BHLHE41 
206,BICC1 
207,BIK 
208,BIRC3 
209,BMF 
210,BMP1 
211,BMP2 
212,BMP5 
213,BMP8A 
214,BMPR2 
215,BNC2 
216,BPIFC 
217,BRCA1 
218,BRCA2 
219,BRE-AS1 
220,BST2 
221,BTG2 
222,BUB1B 
223,BUB1 
224,C10orf10 
225,C10orf54 
226,C11orf93 
227,C11orf96 
228,C14orf132 
229,C15orf48 
230,C19orf21 
231,C19orf33 
232,C19orf77 
233,C1QA 
234,C1QB 
235,C1QC 
236,C1R 
237,C1S 
238,C1orf106 
239,C1orf116 
240,C1orf127 
241,C1orf162 
242,C1orf168 
243,C1orf173 
244,C1orf186 
245,C1orf198 
246,C2CD4A 
247,C2CD4B 
248,C2 
249,C2orf54 
250,C3 
251,C3orf80 
252,C4BPA 
253,C4BPB 
254,C4orf19 
255,C5AR1 
256,C5orf27 
257,C6 
258,C6orf222 
259,C7 
260,C7orf29 
261,C7orf53 
262,C8orf4 
263,CA12 
264,CA2 
265,CA9 
266,CABLES1 
267,CABP7 
268,CACNA1A 
269,CACNA2D3 
270,CADM1 
271,CALB1 
272,CALCB 
273,CALCRL 
274,CALCR 
275,CALD1 
276,CALU 
277,CALY 
278,CAMK2G 
279,CAPG 
280,CAPN13 
281,CAPN5 
282,CAPN6 
283,CAPN8 
284,CARD11 
285,CARTPT 
286,CASR 
287,CAV1 
288,CAV2 
289,CBLB 
290,CBLN4 
291,CBS 
292,CCDC102B 
293,CCDC71L 
294,CCDC74A 
295,CCDC80 
296,CCL20 
297,CCL28 
298,CCL2 
299,CCL3 
300,CCL4 
301,CCL8 
302,CCM2L 
303,CCNA2 
304,CCNB1 
305,CCNB2 
306,CCND1 
307,CCND2 
308,CCR1 
309,CD101 
310,CD109 
311,CD14 
312,CD22 
313,CD248 
314,CD24 
315,CD300A 
316,CD34 
317,CD36 
318,CD37 
319,CD44 
320,CD4 
321,CD52 
322,CD53 
323,CD55 
324,CD68 
325,CD74 
326,CD84 
327,CD93 
328,CD99L2 
329,CD9 
330,CDC42EP1 
331,CDC42EP3 
332,CDH11 
333,CDH17 
334,CDH19 
335,CDH24 
336,CDH3 
337,CDH5 
338,CDH6 
339,CDHR3 
340,CDHR5 
341,CDK1 
342,CDK5R1 
343,CDKN1A 
344,CDKN1C 
345,CDKN2A 
346,CDKN2B 
347,CDKN2C 
348,CDR2L 
349,CDX2 
350,CEACAM1 
351,CEACAM5 
352,CEACAM6 
353,CEACAM7 
354,CEBPB 
355,CEBPD 
356,CEBPG 
357,CECR1 
358,CELA2A 
359,CELA2B 
360,CELA3A 
361,CELA3B 
362,CELF2 
363,CEL 
364,CENPE 
365,CENPF 
366,CERCAM 
367,CES1 
368,CES2 
369,CFB 
370,CFC1 
371,CFH 
372,CFI 
373,CFTR 
374,CGA 
375,CH25H 
376,CHAC1 
377,CHI3L1 
378,CHL1 
379,CHN2 
380,CHRM3 
381,CHST15 
382,CHST1 
383,CHST4 
384,CHSY1 
385,CIDEB 
386,CITED4 
387,CKS2 
388,CLDN10 
389,CLDN11 
390,CLDN18 
391,CLDN1 
392,CLDN23 
393,CLDN2 
394,CLDN4 
395,CLDN7 
396,CLEC14A 
397,CLEC2B 
398,CLEC7A 
399,CLGN 
400,CLIC2 
401,CLIC4 
402,CLIC5 
403,CLIC6 
404,CLMN 
405,CLN8 
406,CLPS 
407,CLSPN 
408,CMPK2 
409,CMTM3 
410,CMTM7 
411,CMYA5 
412,CNIH2 
413,CNIH3 
414,CNN2 
415,CNN3 
416,CNTN4 
417,CNTN5 
418,CNTNAP2 
419,CNTNAP5 
420,COL12A1 
421,COL13A1 
422,COL14A1 
423,COL15A1 
424,COL16A1 
425,COL18A1 
426,COL1A1 
427,COL1A2 
428,COL22A1 
429,COL3A1 
430,COL4A1 
431,COL4A2 
432,COL5A1 
433,COL5A2 
434,COL5A3 
435,COL6A1 
436,COL6A2 
437,COL6A3 
438,COL8A1 
439,COL9A2 
440,CORO2A 
441,COTL1 
442,CPA1 
443,CPA2 
444,CPA3 
445,CPA4 
446,CPB1 
447,CPLX2 
448,CPM 
449,CPNE4 
450,CPVL 
451,CP 
452,CRABP2 
453,CRCT1 
454,CREB3L1 
455,CREB5 
456,CRH 
457,CRIM1 
458,CRISPLD2 
459,CRLF1 
460,CRP 
461,CRTAC1 
462,CRTAP 
463,CRYAB 
464,CRYBA2 
465,CSDA 
466,CSF1R 
467,CSF1 
468,CSF2RB 
469,CSGALNACT1 
470,CSRP2 
471,CSTA 
472,CTGF 
473,CTHRC1 
474,CTRB1 
475,CTRB2 
476,CTRC 
477,CTRL 
478,CTSB 
479,CTSC 
480,CTSD 
481,CTSE 
482,CTSH 
483,CTSK 
484,CTSL1 
485,CTSL2 
486,CTSS 
487,CTTNBP2 
488,CX3CL1 
489,CXADR 
490,CXCL12 
491,CXCL16 
492,CXCL17 
493,CXCL1 
494,CXCL2 
495,CXCL3 
496,CXCL5 
497,CXCL6 
498,CXCR4 
499,CXCR7 
500,CXXC4 
501,CYB5A 
502,CYBB 
503,CYBRD1 
504,CYGB 
505,CYP17A1 
506,CYP1A1 
507,CYP1B1 
508,CYP26B1 
509,CYP27A1 
510,CYP2C18 
511,CYP2C9 
512,CYP2U1 
513,CYP3A5 
514,CYP4F24P 
515,CYR61 
516,CYTH3 
517,CYYR1 
518,DAB2IP 
519,DAB2 
520,DACH1 
521,DACT1 
522,DAG1 
523,DAPL1 
524,DCBLD2 
525,DCC 
526,DCDC2 
527,DCDC5 
528,DCHS2 
529,DCLK1 
530,DCN 
531,DCX 
532,DDC 
533,DDIT3 
534,DDIT4 
535,DDX3Y 
536,DEFB1 
537,DGKD 
538,DHCR24 
539,DHFR 
540,DHRS2 
541,DHRS3 
542,DIAPH3 
543,DIP2C 
544,DIRAS3 
545,DKFZp686K1684 
546,DKK3 
547,DLC1 
548,DLK1 
549,DMBT1 
550,DNAH5 
551,DNAJA4 
552,DNAJB1 
553,DNAJB9 
554,DNAJC12 
555,DNER 
556,DNM3OS 
557,DOCK10 
558,DOCK11 
559,DOCK4 
560,DOK3 
561,DOK5 
562,DOK6 
563,DPCR1 
564,DPP4 
565,DPYSL3 
566,DSC2 
567,DSCR6 
568,DTX1 
569,DTX4 
570,DUOX2 
571,DUSP10 
572,DUSP1 
573,DUSP2 
574,DUSP4 
575,DUSP5 
576,DUSP6 
577,DYNC2H1 
578,EBF1 
579,ECEL1 
580,ECSCR 
581,EDA2R 
582,EDARADD 
583,EDN1 
584,EDN2 
585,EDN3 
586,EDNRA 
587,EDNRB 
588,EFEMP1 
589,EFNA1 
590,EFNB2 
591,EFNB3 
592,EGFEM1P 
593,EGFR 
594,EGF 
595,EGR1 
596,EGR2 
597,EGR3 
598,EGR4 
599,EHD2 
600,EHD4 
601,EHF 
602,ELAVL3 
603,ELAVL4 
604,ELF3 
605,ELMO1 
606,ELOVL7 
607,ELTD1 
608,EMCN 
609,EMP1 
610,EMR2 
611,ENAH 
612,ENC1 
613,ENG 
614,ENO2 
615,ENPEP 
616,ENPP2 
617,ENTPD2 
618,ENTPD3 
619,EPAS1 
620,EPHA2 
621,EPHA5 
622,EPS8L3 
623,EPS8 
624,ERBB3 
625,ERBB4 
626,ERG 
627,ERO1LB 
628,ERP27 
629,ERRFI1 
630,ESAM 
631,ESM1 
632,ESRRG 
633,ETS1 
634,ETS2 
635,ETV1 
636,EVI2A 
637,EVI2B 
638,EXOC3L2 
639,EXPH5 
640,EXT1 
641,EYA4 
642,EYS 
643,F10 
644,F2RL1 
645,F2RL2 
646,F2RL3 
647,F2R 
648,F3 
649,F5 
650,FA2H 
651,FABP5 
652,FADS1 
653,FAM101B 
654,FAM105A 
655,FAM107A 
656,FAM107B 
657,FAM115C 
658,FAM129A 
659,FAM129B 
660,FAM134B 
661,FAM13A 
662,FAM150B 
663,FAM155A 
664,FAM159B 
665,FAM171A1 
666,FAM198B 
667,FAM20A 
668,FAM20C 
669,FAM222A 
670,FAM43A 
671,FAM49A 
672,FAM81B 
673,FAM84A 
674,FAM84B 
675,FAP 
676,FAT1 
677,FBN1 
678,FBP1 
679,FBXO32 
680,FCER1A 
681,FCER1G 
682,FCGR2A 
683,FCGR3A 
684,FCN3 
685,FDFT1 
686,FEN1 
687,FEV 
688,FFAR4 
689,FGA 
690,FGB 
691,FGD5 
692,FGD6 
693,FGF14 
694,FGF19 
695,FGF2 
696,FGF7 
697,FGFBP1 
698,FGFR2 
699,FGG 
700,FGL1 
701,FGL2 
702,FHL2 
703,FHOD1 
704,FHOD3 
705,FIBIN 
706,FILIP1L 
707,FJX1 
708,FKBP10 
709,FKBP11 
710,FKBP9L 
711,FLI1 
712,FLJ42709 
713,FLNA 
714,FLRT2 
715,FLRT3 
716,FLT1 
717,FLT4 
718,FMNL2 
719,FMNL3 
720,FMOD 
721,FN1 
722,FNDC4 
723,FNIP2 
724,FOLR1 
725,FOSB 
726,FOSL2 
727,FOS 
728,FOXC1 
729,FOXF1 
730,FOXF2 
731,FOXP2 
732,FOXQ1 
733,FPR3 
734,FRAS1 
735,FRMD4A 
736,FRMD6 
737,FRZB 
738,FSCN1 
739,FSIP2 
740,FSTL1 
741,FSTL5 
742,FTH1P3 
743,FUT3 
744,FUT4 
745,FXYD3 
746,FXYD6 
747,FYB 
748,FZD4 
749,G0S2 
750,G6PC2 
751,G6PC 
752,G6PD 
753,GABRA1 
754,GABRG2 
755,GABRP 
756,GAD2 
757,GADD45A 
758,GADD45B 
759,GADD45G 
760,GAL3ST4 
761,GALNT6 
762,GAL 
763,GAP43 
764,GAS7 
765,GATA2 
766,GATA4 
767,GATM 
768,GBP2 
769,GBP3 
770,GBP4 
771,GCLC 
772,GCNT1 
773,GCNT3 
774,GC 
775,GDF15 
776,GEM 
777,GFPT2 
778,GFRA1 
779,GGH 
780,GHRL 
781,GHSR 
782,GIMAP1 
783,GIMAP4 
784,GIMAP7 
785,GIMAP8 
786,GJA1 
787,GJA3 
788,GJB1 
789,GJD3 
790,GKN1 
791,GLI2 
792,GLIPR1 
793,GLIS3 
794,GLRX 
795,GLS 
796,GLT8D2 
797,GLUL 
798,GM2A 
799,GMFG 
800,GMNN 
801,GNG11 
802,GNG4 
803,GNPDA1 
804,GOLM1 
805,GP2 
806,GPC5-AS1 
807,GPC6 
808,GPM6A 
809,GPM6B 
810,GPNMB 
811,GPR110 
812,GPR116 
813,GPR126 
814,GPR146 
815,GPR160 
816,GPR176 
817,GPR4 
818,GPR64 
819,GPR65 
820,GPR98 
821,GPRC5A 
822,GPRC5B 
823,GPSM1 
824,GPX1 
825,GPX2 
826,GPX3 
827,GPX8 
828,GRAMD4 
829,GRB10 
830,GREM1 
831,GREM2 
832,GRIA3 
833,GRIA4 
834,GRIN2A 
835,GRM4 
836,GRP 
837,GSN 
838,GSTA1 
839,GSTA2 
840,GSTM5 
841,GSTP1 
842,GTSE1 
843,GUCY1A2 
844,GULP1 
845,GYPC 
846,H19 
847,H1F0 
848,H1FX 
849,HABP2 
850,HADH 
851,HAND2 
852,HAP1 
853,HAS2 
854,HBEGF 
855,HCK 
856,HCLS1 
857,HDAC7 
858,HDAC9 
859,HEG1 
860,HEPACAM2 
861,HERPUD1 
862,HES1 
863,HES6 
864,HESX1 
865,HEY1 
866,HEYL 
867,HHEX 
868,HHLA2 
869,HIC1 
870,HIF1A 
871,HIST1H1C 
872,HIST1H2BD 
873,HIST1H2BK 
874,HIST2H2BE 
875,HK1 
876,HKDC1 
877,HLA-B 
878,HLA-C 
879,HLA-DMA 
880,HLA-DMB 
881,HLA-DPA1 
882,HLA-DPB1 
883,HLA-DQA1 
884,HLA-DQB1 
885,HLA-DRA 
886,HLA-DRB1 
887,HLA-DRB6 
888,HLA-F 
889,HLX 
890,HMGB3 
891,HMGCS1 
892,HMMR 
893,HMOX1 
894,HMP19 
895,HN1 
896,HNF1B 
897,HNMT 
898,HNRNPU-AS1 
899,HOPX 
900,HOXA5 
901,HOXB2 
902,HOXB6 
903,HPGDS 
904,HPGD 
905,HPN 
906,HRK 
907,HS3ST1 
908,HS3ST2 
909,HS3ST3A1 
910,HS3ST4 
911,HSD11B1 
912,HSD11B2 
913,HSD17B2 
914,HSPA1A 
915,HSPA1B 
916,HSPA5 
917,HSPA6 
918,HSPB1 
919,HSPB6 
920,HSPB8 
921,HSPH1 
922,HTRA1 
923,HTRA3 
924,HYAL1 
925,HYMAI 
926,IAPP 
927,ICAM1 
928,ID1 
929,ID2 
930,ID3 
931,ID4 
932,IDH2 
933,IER2 
934,IER3 
935,IER5 
936,IFI16 
937,IFI27 
938,IFI30 
939,IFI6 
940,IFIT2 
941,IFIT3 
942,IFITM10 
943,IFITM1 
944,IFITM2 
945,IFITM3 
946,IGF2BP2 
947,IGFBP2 
948,IGFBP3 
949,IGFBP4 
950,IGFBP5 
951,IGFBP6 
952,IGFBP7 
953,IGSF10 
954,IGSF1 
955,IGSF21 
956,IGSF3 
957,IGSF6 
958,IL11 
959,IL13RA2 
960,IL17C 
961,IL17RB 
962,IL18 
963,IL1B 
964,IL1R1 
965,IL1RN 
966,IL20RA 
967,IL22RA1 
968,IL24 
969,IL32 
970,IL33 
971,IL4R 
972,IL6R 
973,IL6 
974,IL7R 
975,IL8 
976,IMPA2 
977,INHBA 
978,INPP5D 
979,INPP5F 
980,INSIG1 
981,INSM1 
982,INSR 
983,INS 
984,IPCEF1 
985,IQCA1 
986,IQGAP2 
987,IRAK2 
988,IRF8 
989,IRS2 
990,IRX1 
991,IRX2 
992,IRX3 
993,IRX4 
994,ISL1 
995,ISLR 
996,ITGA11 
997,ITGA1 
998,ITGA2 
999,ITGA4 
1000,ITGA5 
1001,ITGA6 
1002,ITGAV 
1003,ITGB2 
1004,ITGB3 
1005,ITGB5 
1006,ITGB7 
1007,ITGB8 
1008,ITIH5 
1009,ITM2A 
1010,ITPR3 
1011,ITPRIPL2 
1012,ITPRIP 
1013,IYD 
1014,JAG1 
1015,JARID2 
1016,JPH4 
1017,JUNB 
1018,JUN 
1019,JUP 
1020,KANK2 
1021,KANK4 
1022,KCNE3 
1023,KCNE4 
1024,KCNG1 
1025,KCNH2 
1026,KCNIP1 
1027,KCNJ13 
1028,KCNJ15 
1029,KCNJ16 
1030,KCNJ2 
1031,KCNJ3 
1032,KCNJ8 
1033,KCNK16 
1034,KCNK17 
1035,KCNK5 
1036,KCNN3 
1037,KCNQ1 
1038,KCNQ3 
1039,KCNT2 
1040,KCTD12 
1041,KCTD8 
1042,KDELR3 
1043,KDR 
1044,KIAA0101 
1045,KIAA0319 
1046,KIAA1147 
1047,KIAA1199 
1048,KIAA1211 
1049,KIAA1217 
1050,KIAA1377 
1051,KIAA1462 
1052,KIAA1522 
1053,KIAA1644 
1054,KIAA2022 
1055,KIF14 
1056,KIF20B 
1057,KIF21B 
1058,KISS1R 
1059,KITLG 
1060,KIT 
1061,KLF10 
1062,KLF13 
1063,KLF2 
1064,KLF4 
1065,KLF5 
1066,KLF6 
1067,KLF9 
1068,KLHDC8A 
1069,KLHL24 
1070,KLHL41 
1071,KLK1 
1072,KRT15 
1073,KRT17 
1074,KRT18 
1075,KRT19 
1076,KRT1 
1077,KRT23 
1078,KRT40 
1079,KRT7 
1080,KRT80 
1081,KRT8 
1082,KYNU 
1083,LACC1 
1084,LAD1 
1085,LAMA1 
1086,LAMA2 
1087,LAMA3 
1088,LAMA4 
1089,LAMB1 
1090,LAMB3 
1091,LAMC1 
1092,LAMC2 
1093,LAMC3 
1094,LAMP5 
1095,LAPTM5 
1096,LAT2 
1097,LATS2 
1098,LAT 
1099,LBH 
1100,LCN10 
1101,LCN2 
1102,LCP1 
1103,LCP2 
1104,LDB2 
1105,LDHA 
1106,LDHB 
1107,LDLRAD4 
1108,LDLR 
1109,LECT1 
1110,LEF1 
1111,LEPR 
1112,LGALS1 
1113,LGALS2 
1114,LGALS3 
1115,LGALS4 
1116,LGALS9C 
1117,LGALS9 
1118,LGI2 
1119,LGR4 
1120,LHFPL2 
1121,LHFP 
1122,LIFR 
1123,LIF 
1124,LILRB1 
1125,LILRB2 
1126,LILRB4 
1127,LIMA1 
1128,LIMS1 
1129,LINC00152 
1130,LINC00261 
1131,LINC00263 
1132,LINC00348 
1133,LINC00473 
1134,LINC00643 
1135,LINC00671 
1136,LINC00673 
1137,LIPA 
1138,LIPG 
1139,LIPH 
1140,LITAF 
1141,LMCD1 
1142,LMO2 
1143,LMO3 
1144,LMO7 
1145,LOC100216546 
1146,LOC100422737 
1147,LOC100505495 
1148,LOC100505633 
1149,LOC150622 
1150,LOC154761 
1151,LOC283070 
1152,LOC285878 
1153,LOC441204 
1154,LOC541471 
1155,LOC642366 
1156,LOC650226 
1157,LOC728392 
1158,LOC730101 
1159,LONRF2 
1160,LOXL2 
1161,LOXL4 
1162,LOX 
1163,LPAR6 
1164,LPCAT2 
1165,LPHN2 
1166,LPPR4 
1167,LPXN 
1168,LRCH2 
1169,LRFN5 
1170,LRG1 
1171,LRMP 
1172,LRP5 
1173,LRRC19 
1174,LRRC32 
1175,LRRC4 
1176,LRRC8A 
1177,LRRC8C 
1178,LRRIQ1 
1179,LRRN3 
1180,LRRTM2 
1181,LRRTM3 
1182,LSAMP 
1183,LTBP1 
1184,LTBP2 
1185,LTB 
1186,LUM 
1187,LURAP1L 
1188,LXN 
1189,LYN 
1190,LYPD1 
1191,LYPD6B 
1192,LYZ 
1193,LZTS1 
1194,MACC1 
1195,MADCAM1 
1196,MAFA 
1197,MAFF 
1198,MAF 
1199,MAL2 
1200,MALL 
1201,MAN1C1 
1202,MAOB 
1203,MAP1A 
1204,MAP1B 
1205,MAP3K5 
1206,MAPT 
1207,1-Mar
1208,4-Mar
1209,MARCKSL1 
1210,MARK1 
1211,MATN2 
1212,MBP 
1213,MCAM 
1214,MCC 
1215,MCHR1 
1216,MCM7 
1217,MCTP1 
1218,MDFIC 
1219,MDK 
1220,MDM2 
1221,MECOM 
1222,MEDAG 
1223,MEF2C 
1224,MEG3 
1225,MEIS1 
1226,MEIS2 
1227,MELK 
1228,MERTK 
1229,METTL7A 
1230,METTL7B 
1231,MET 
1232,MEX3A 
1233,MFAP4 
1234,MFGE8 
1235,MFI2 
1236,MGLL 
1237,MGP 
1238,MGST1 
1239,MICAL2 
1240,MID1 
1241,MIR143HG 
1242,MIR7-3HG 
1243,MIS18BP1 
1244,MKI67 
1245,MLF1IP 
1246,MLPH 
1247,MMP11 
1248,MMP1 
1249,MMP2 
1250,MMP7 
1251,MMP9 
1252,MMRN1 
1253,MMRN2 
1254,MND1 
1255,MNX1 
1256,MOB1B 
1257,MOB3B 
1258,MPEG1 
1259,MPZL2 
1260,MRAP2 
1261,MRAS 
1262,MRC1 
1263,MRC2 
1264,MS4A2 
1265,MS4A6A 
1266,MS4A7 
1267,MS4A8B 
1268,MSMO1 
1269,MSN 
1270,MSR1 
1271,MST1L 
1272,MSX1 
1273,MT1E 
1274,MT1F 
1275,MT1G 
1276,MT1X 
1277,MT2A 
1278,MTHFD2 
1279,MTUS1 
1280,MTUS2 
1281,MUC13 
1282,MUC16 
1283,MUC1 
1284,MUC20 
1285,MUC6 
1286,MUM1L1 
1287,MX2 
1288,MXRA5 
1289,MXRA8 
1290,MYCN 
1291,MYCT1 
1292,MYH14 
1293,MYH9 
1294,MYL12A 
1295,MYL12B 
1296,MYLK 
1297,MYO10 
1298,MYO1E 
1299,MYO1F 
1300,MYO5B 
1301,MYOF 
1302,MYOM1 
1303,MYRF 
1304,NAA20 
1305,NAGS 
1306,NAMPT 
1307,NAV2 
1308,NBEAL2 
1309,NCAM1 
1310,NCCRP1 
1311,NCEH1 
1312,NCF2 
1313,NCKAP1L 
1314,NCMAP 
1315,NCOA7 
1316,NDNF 
1317,NDRG1 
1318,NDRG2 
1319,NDRG4 
1320,NDUFA4 
1321,NEAT1 
1322,NEBL 
1323,NEB 
1324,NECAB1 
1325,NEDD4L 
1326,NEDD9 
1327,NEFH 
1328,NEFM 
1329,NELL2 
1330,NES 
1331,NET1 
1332,NEURL3 
1333,NEXN 
1334,NFATC2 
1335,NFIA 
1336,NFIB 
1337,NFKBIA 
1338,NFKBIZ 
1339,NGFR 
1340,NID1 
1341,NID2 
1342,NKD1 
1343,NKX2-2 
1344,NKX2-3 
1345,NLRC3 
1346,NLRP2 
1347,NLRP3 
1348,NMB 
1349,NNAT 
1350,NNMT 
1351,NOL4 
1352,NOS3 
1353,NOTCH1 
1354,NOTCH2NL 
1355,NOTCH2 
1356,NOTCH3 
1357,NOTCH4 
1358,NOVA2 
1359,NOV 
1360,NPFFR2 
1361,NPHP4 
1362,NPL 
1363,NPNT 
1364,NPR2 
1365,NPTX2 
1366,NPY 
1367,NQO1 
1368,NR0B1 
1369,NR0B2 
1370,NR1D1 
1371,NR1D2 
1372,NR1H4 
1373,NR2F2 
1374,NR4A1 
1375,NR4A2 
1376,NR5A2 
1377,NRARP 
1378,NREP 
1379,NRP1 
1380,NRP2 
1381,NT5E 
1382,NTM 
1383,NTN4 
1384,NTNG1 
1385,NTRK2 
1386,NUAK1 
1387,NUAK2 
1388,NUPR1 
1389,NUSAP1 
1390,OAF 
1391,OAS1 
1392,OCA2 
1393,OCLN 
1394,ODC1 
1395,OLFM1 
1396,OLFM4 
1397,OLFML2A 
1398,OLFML2B 
1399,OLFML3 
1400,OLIG1 
1401,OLR1 
1402,ONECUT1 
1403,ONECUT2 
1404,OSMR 
1405,OXTR 
1406,P2RY6 
1407,PACSIN2 
1408,PAG1 
1409,PAH 
1410,PAK3 
1411,PALLD 
1412,PALM2 
1413,PAMR1 
1414,PAM 
1415,PAPPA2 
1416,PAPPA 
1417,PAQR5 
1418,PART1 
1419,PASK 
1420,PAX4 
1421,PCDH10 
1422,PCDH17 
1423,PCDH18 
1424,PCDH7 
1425,PCDH8 
1426,PCDH9 
1427,PCDHB10 
1428,PCDHB4 
1429,PCDHB7 
1430,PCK1 
1431,PCLO 
1432,PCP4 
1433,PCSK1N 
1434,PCSK1 
1435,PDE2A 
1436,PDE3A 
1437,PDE3B 
1438,PDE5A 
1439,PDE8B 
1440,PDGFA 
1441,PDGFB 
1442,PDGFC 
1443,PDGFD 
1444,PDGFRA 
1445,PDGFRB 
1446,PDK3 
1447,PDK4 
1448,PDLIM1 
1449,PDLIM3 
1450,PDLIM4 
1451,PDP1 
1452,PDPN 
1453,PDX1 
1454,PDZD2 
1455,PDZK1IP1 
1456,PDZK1 
1457,PEA15 
1458,PECAM1 
1459,PEG10 
1460,PELI1 
1461,PEMT 
1462,PER1 
1463,PER3 
1464,PEX5L 
1465,PFKFB2 
1466,PFKFB3 
1467,PGC 
1468,PGM2L1 
1469,PGR 
1470,PHF17 
1471,PHGDH 
1472,PHGR1 
1473,PHLDA1 
1474,PHLDA2 
1475,PHLDB1 
1476,PHLDB2 
1477,PI15 
1478,PI3 
1479,PIANP 
1480,PID1 
1481,PIEZO2 
1482,PIGR 
1483,PIK3AP1 
1484,PIK3C2G 
1485,PILRA 
1486,PIM3 
1487,PIPOX 
1488,PKDCC 
1489,PKHD1 
1490,PKIB 
1491,PKNOX2 
1492,PLA2G1B 
1493,PLA2G4A 
1494,PLA2G7 
1495,PLAGL1 
1496,PLAT 
1497,PLAUR 
1498,PLAU 
1499,PLCB4 
1500,PLCE1 
1501,PLCH2 
1502,PLCL1 
1503,PLCXD3 
1504,PLD1 
1505,PLEKHA6 
1506,PLEKHB1 
1507,PLEKHG1 
1508,PLEKHO1 
1509,PLEK 
1510,PLIN2 
1511,PLIN5 
1512,PLK2 
1513,PLOD2 
1514,PLS3 
1515,PLTP 
1516,PLVAP 
1517,PLXDC1 
1518,PLXNA2 
1519,PLXNC1 
1520,PMAIP1 
1521,PMEPA1 
1522,PMP22 
1523,PMP2 
1524,PNLIPRP1 
1525,PNLIPRP2 
1526,PNLIP 
1527,PNP 
1528,PODXL 
1529,POF1B 
1530,PON3 
1531,POPDC3 
1532,POSTN 
1533,POU2F2 
1534,POU2F3 
1535,POU3F1 
1536,PPAP2B 
1537,PPARGC1A 
1538,PPFIA2 
1539,PPFIBP1 
1540,PPIC 
1541,PPIF 
1542,PPM1E 
1543,PPP1R15A 
1544,PPP1R18 
1545,PPP1R1A 
1546,PPP1R1B 
1547,PPP1R3C 
1548,PPP2R2B 
1549,PRC1 
1550,PRDM1 
1551,PRDX1 
1552,PREX1 
1553,PRG4 
1554,PRICKLE1 
1555,PRKACB 
1556,PRKAG2-AS1 
1557,PRKCDBP 
1558,PRKG1 
1559,PRLR 
1560,PROM1 
1561,PROSER2 
1562,PROX1 
1563,PRPH 
1564,PRR11 
1565,PRR15L 
1566,PRRX1 
1567,PRSS1 
1568,PRSS22 
1569,PRSS23 
1570,PRSS3P2 
1571,PRSS3 
1572,PRUNE2 
1573,PSAT1 
1574,PSD3 
1575,PSG4 
1576,PSG5 
1577,PSIP1 
1578,PTAFR 
1579,PTF1A 
1580,PTGER3 
1581,PTGES 
1582,PTGFR 
1583,PTGIS 
1584,PTGR1 
1585,PTGS1 
1586,PTGS2 
1587,PTHLH 
1588,PTP4A3 
1589,PTPN12 
1590,PTPN3 
1591,PTPRB 
1592,PTPRC 
1593,PTPRD 
1594,PTPRE 
1595,PTPRK 
1596,PTPRN 
1597,PTPRT 
1598,PTPRZ1 
1599,PTRF 
1600,PTTG1 
1601,PTX3 
1602,PVRL3 
1603,PVRL4 
1604,PXDC1 
1605,PXDN 
1606,PYROXD2 
1607,QKI 
1608,RAB11FIP1 
1609,RAB15 
1610,RAB27B 
1611,RAB31 
1612,RAB34 
1613,RAC2 
1614,RAI14 
1615,RAMP2 
1616,RAP2B 
1617,RAPGEF4 
1618,RAPGEF5 
1619,RAPH1 
1620,RARRES1 
1621,RASA3 
1622,RASD1 
1623,RASEF 
1624,RASGRF1 
1625,RASGRF2 
1626,RASGRP1 
1627,RASGRP3 
1628,RASL12 
1629,RASSF2 
1630,RASSF6 
1631,RASSF8 
1632,RBFOX3 
1633,RBMS1 
1634,RBP1 
1635,RBP4 
1636,RBPJL 
1637,RBPJ 
1638,RBPMS 
1639,RCAN1 
1640,RDH10 
1641,RDX 
1642,REG1P 
1643,REG3G 
1644,REG4 
1645,RERG 
1646,REST 
1647,RFPL3-AS1 
1648,RFTN1 
1649,RFX6 
1650,RGCC 
1651,RGL1 
1652,RGS10 
1653,RGS16 
1654,RGS19 
1655,RGS1 
1656,RGS2 
1657,RGS4 
1658,RGS5 
1659,RGS6 
1660,RGS7BP 
1661,RGS9 
1662,RHBDF1 
1663,RHOB 
1664,RHOC 
1665,RHOJ 
1666,RHOU 
1667,RHPN2 
1668,RIMBP2 
1669,RIMKLA 
1670,RIMKLB 
1671,RIN2 
1672,RNASE1 
1673,RNASE6 
1674,RNASET2 
1675,RND1 
1676,RND3 
1677,RNF144A 
1678,RNF186 
1679,RNF187 
1680,RNF19A 
1681,RNF213 
1682,RNF24 
1683,ROBO1 
1684,ROBO2 
1685,ROBO4 
1686,RPH3A 
1687,RRAGD 
1688,RRM2 
1689,RSAD2 
1690,RSU1 
1691,RUNX1T1 
1692,RUNX1 
1693,RUNX3 
1694,RYR2 
1695,S100A10 
1696,S100A11 
1697,S100A13 
1698,S100A14 
1699,S100A16 
1700,S100A4 
1701,S100A6 
1702,S100B 
1703,S100P 
1704,S1PR1 
1705,S1PR3 
1706,SAA1 
1707,SAA2 
1708,SAMD4A 
1709,SAMD5 
1710,SAMSN1 
1711,SASH1 
1712,SAT1 
1713,SAV1 
1714,SCARA3 
1715,SCARF1 
1716,SCD5 
1717,SCD 
1718,SCGB2A1 
1719,SCGN 
1720,SCIN 
1721,SCN1B 
1722,SCN2A 
1723,SCN9A 
1724,SCNN1A 
1725,SDC1 
1726,SDC4 
1727,SDS 
1728,SEC14L1 
1729,SECTM1 
1730,SEL1L3 
1731,SEL1L 
1732,SELE 
1733,SEMA3C 
1734,SEMA3D 
1735,SEMA3F 
1736,SEMA3G 
1737,SEMA4C 
1738,SEMA5A 
1739,SEMA6A 
1740,SEMA6D 
1741,SEMA7A 
1742,SEPT6 
1743,SEPT9 
1744,SERINC2 
1745,SERPINA10 
1746,SERPINA1 
1747,SERPINA3 
1748,SERPINA4 
1749,SERPINA5 
1750,SERPINA6 
1751,SERPINB1 
1752,SERPINB2 
1753,SERPINB4 
1754,SERPINB7 
1755,SERPINB9 
1756,SERPIND1 
1757,SERPINE1 
1758,SERPINE2 
1759,SERPINF1 
1760,SERPINF2 
1761,SERPING1 
1762,SERPINH1 
1763,SERPINI1 
1764,SERPINI2 
1765,SERTM1 
1766,SEZ6L 
1767,SFMBT2 
1768,SFN 
1769,SFRP1 
1770,SFRP2 
1771,SFRP5 
1772,SGCD 
1773,SGCZ 
1774,SGK1 
1775,SGK223 
1776,SGSM1 
1777,SH2B3 
1778,SH2D2A 
1779,SH2D3C 
1780,SH3BP4 
1781,SH3KBP1 
1782,SH3PXD2A 
1783,SH3PXD2B 
1784,SHANK3 
1785,SHC4 
1786,SHCBP1 
1787,SHE 
1788,SHISA2 
1789,SHISA6 
1790,SHROOM3 
1791,SIPA1L2 
1792,SIRPA 
1793,SIX2 
1794,SIX3 
1795,SKIL 
1796,SLAMF7 
1797,SLA 
1798,SLC11A1 
1799,SLC12A2 
1800,SLC12A7 
1801,SLC14A1 
1802,SLC15A1 
1803,SLC15A3 
1804,SLC16A7 
1805,SLC16A9 
1806,SLC17A4 
1807,SLC17A6 
1808,SLC18A2 
1809,SLC1A1 
1810,SLC1A5 
1811,SLC20A1 
1812,SLC22A17 
1813,SLC22A3 
1814,SLC25A34 
1815,SLC25A37 
1816,SLC28A3 
1817,SLC29A4 
1818,SLC2A13 
1819,SLC2A1 
1820,SLC2A2 
1821,SLC2A3 
1822,SLC30A8 
1823,SLC34A2 
1824,SLC36A1 
1825,SLC37A2 
1826,SLC38A1 
1827,SLC38A2 
1828,SLC38A4 
1829,SLC39A8 
1830,SLC3A1 
1831,SLC40A1 
1832,SLC43A3 
1833,SLC44A2 
1834,SLC44A4 
1835,SLC4A4 
1836,SLC5A1 
1837,SLC6A14 
1838,SLC6A17 
1839,SLC6A19 
1840,SLC6A20 
1841,SLC6A4 
1842,SLC6A6 
1843,SLC6A8 
1844,SLC7A11 
1845,SLC7A14 
1846,SLC7A5 
1847,SLC7A7 
1848,SLC9A3R1 
1849,SLCO2A1 
1850,SLCO2B1 
1851,SLCO4C1 
1852,SLFN11 
1853,SLFN5 
1854,SLITRK1 
1855,SLITRK6 
1856,SLPI 
1857,SMAD3 
1858,SMAD6 
1859,SMAD7 
1860,SMAD9 
1861,SMARCA1 
1862,SMC4 
1863,SMIM3 
1864,SMOC1 
1865,SNAI1 
1866,SNAI2 
1867,SNAP25 
1868,SNHG12 
1869,SNHG1 
1870,SNHG7 
1871,SNX10 
1872,SOCS1 
1873,SOCS2 
1874,SOCS3 
1875,SOD2 
1876,SOD3 
1877,SORBS2 
1878,SORL1 
1879,SOX10 
1880,SOX11 
1881,SOX18 
1882,SOX4 
1883,SOX9 
1884,SPAG5 
1885,SPARCL1 
1886,SPARC 
1887,SPATS2L 
1888,SPC25 
1889,SPHKAP 
1890,SPINK1 
1891,SPNS2 
1892,SPOCK1 
1893,SPOCK2 
1894,SPOCK3 
1895,SPON1 
1896,SPON2 
1897,SPP1 
1898,SPRED1 
1899,SPRR1A 
1900,SPRR2A 
1901,SPRY4 
1902,SPSB1 
1903,SPTBN1 
1904,SPTSSA 
1905,SPTSSB 
1906,SQSTM1 
1907,SREBF1 
1908,SRGAP1 
1909,SRGN 
1910,SRPX2 
1911,SRPX 
1912,SRXN1 
1913,SSC5D 
1914,SSTR1 
1915,SSTR5-AS1 
1916,SSX2IP 
1917,ST3GAL1 
1918,ST3GAL5 
1919,ST3GAL6 
1920,ST6GAL1 
1921,ST6GALNAC2 
1922,ST6GALNAC3 
1923,ST8SIA4 
1924,STAB1 
1925,STC1 
1926,STC2 
1927,STEAP1 
1928,STEAP4 
1929,STK17A 
1930,STK17B 
1931,STMN1 
1932,STMN2 
1933,STOM 
1934,STON1 
1935,STX11 
1936,STX1A 
1937,STXBP1 
1938,STXBP5L 
1939,SUCNR1 
1940,SULF1 
1941,SULF2 
1942,SULT1C2 
1943,SUSD2 
1944,SUSD4 
1945,SVIL 
1946,SWAP70 
1947,SYDE1 
1948,SYNDIG1 
1949,SYNE1 
1950,SYNE2 
1951,SYNGR4 
1952,SYNM 
1953,SYNPO2 
1954,SYT13 
1955,SYT16 
1956,SYT1 
1957,SYT4 
1958,SYT5 
1959,SYT7 
1960,SYT8 
1961,SYTL2 
1962,TAC1 
1963,TACC3 
1964,TACSTD2 
1965,TAGLN3 
1966,TAGLN 
1967,TBC1D30 
1968,TBC1D4 
1969,TBX2 
1970,TBX3 
1971,TBXAS1 
1972,TC2N 
1973,TCEA3 
1974,TCEAL2 
1975,TCEAL6 
1976,TCF4 
1977,TCF7 
1978,TCN1 
1979,TEK 
1980,TENM1 
1981,TENM2 
1982,TENM3 
1983,TES 
1984,TFAP2A 
1985,TFCP2L1 
1986,TFF1 
1987,TFF2 
1988,TFF3 
1989,TFPI2 
1990,TFPI 
1991,TFRC 
1992,TGFA 
1993,TGFB1I1 
1994,TGFB2 
1995,TGFB3 
1996,TGFBI 
1997,TGFBR1 
1998,TGFBR2 
1999,TGFBR3 
2000,TGIF1 
2001,TGM2 
2002,THBD 
2003,THBS1 
2004,THBS2 
2005,THBS4 
2006,THSD4 
2007,THSD7A 
2008,THY1 
2009,TIE1 
2010,TIMP1 
2011,TIMP2 
2012,TIMP3 
2013,TINAGL1 
2014,TIPARP 
2015,TJP2 
2016,TK1 
2017,TLR4 
2018,TM4SF18 
2019,TM4SF1 
2020,TM4SF20 
2021,TM4SF4 
2022,TM4SF5 
2023,TMBIM1 
2024,TMC5 
2025,TMED6 
2026,TMEM119 
2027,TMEM132A 
2028,TMEM132B 
2029,TMEM132C 
2030,TMEM132D 
2031,TMEM150C 
2032,TMEM154 
2033,TMEM158 
2034,TMEM171 
2035,TMEM173 
2036,TMEM176A 
2037,TMEM176B 
2038,TMEM178B 
2039,TMEM200A 
2040,TMEM204 
2041,TMEM236 
2042,TMEM2 
2043,TMEM37 
2044,TMEM45B 
2045,TMEM47 
2046,TMEM51 
2047,TMEM60 
2048,TMEM97 
2049,TMOD1 
2050,TMPRSS2 
2051,TMPRSS3 
2052,TMSB10 
2053,TMSB4X 
2054,TMTC1 
2055,TNC 
2056,TNFAIP2 
2057,TNFAIP3 
2058,TNFAIP6 
2059,TNFAIP8 
2060,TNFRSF10B 
2061,TNFRSF11B 
2062,TNFRSF12A 
2063,TNFRSF1B 
2064,TNFSF10 
2065,TNFSF15 
2066,TNF 
2067,TNS1 
2068,TNS3 
2069,TOP2A 
2070,TP53BP2 
2071,TP53I11 
2072,TPM1 
2073,TPM2 
2074,TPM4 
2075,TPPP3 
2076,TPSAB1 
2077,TPST2 
2078,TPX2 
2079,TRAF1 
2080,TRIB1 
2081,TRIB2 
2082,TRIB3 
2083,TRIM14 
2084,TRIM47 
2085,TRIM9 
2086,TRPM3 
2087,TRPV6 
2088,TSC22D3 
2089,TSHZ2 
2090,TSPAN11 
2091,TSPAN14 
2092,TSPAN15 
2093,TSPAN1 
2094,TSPAN2 
2095,TSPAN6 
2096,TSPAN8 
2097,TSPYL2 
2098,TST 
2099,TTC9 
2100,TTN 
2101,TTYH3 
2102,TUBA1A 
2103,TUBA1C 
2104,TUBA4A 
2105,TUBB1 
2106,TUBB2A 
2107,TUBB2B 
2108,TUBB3 
2109,TUBB6 
2110,TWIST1 
2111,TWIST2 
2112,TXNDC11 
2113,TXNIP 
2114,TXNRD1 
2115,TYROBP 
2116,UACA 
2117,UBASH3B 
2118,UBD 
2119,UBE2C 
2120,UBE2QL1 
2121,UCA1 
2122,UCHL1 
2123,UCP2 
2124,UGCG 
2125,UGDH 
2126,UGT2A3 
2127,UGT2B15 
2128,UGT2B4 
2129,UGT2B7 
2130,UNC5B 
2131,UNQ6494 
2132,UPK1B 
2133,UPP1 
2134,USH2A 
2135,UXS1 
2136,VASN 
2137,VAT1L 
2138,VAV3 
2139,VCAM1 
2140,VCAN 
2141,VCL 
2142,VDR 
2143,VEGFA 
2144,VGF 
2145,VGLL3 
2146,VILL 
2147,VIM 
2148,VMA21 
2149,VNN1 
2150,VSIG4 
2151,VSTM2L 
2152,VTCN1 
2153,VTN 
2154,VWDE 
2155,VWF 
2156,WARS 
2157,WAS 
2158,WDR72 
2159,WEE1 
2160,WFDC2 
2161,WIPF1 
2162,WIPI1 
2163,WISP1 
2164,WLS 
2165,WNT4 
2166,WNT5A 
2167,WNT7A 
2168,WSCD2 
2169,WWC1 
2170,WWTR1 
2171,XAF1 
2172,XBP1 
2173,XDH 
2174,XIST 
2175,YAP1 
2176,ZAK 
2177,ZC3H12A 
2178,ZCCHC24 
2179,ZEB1 
2180,ZEB2 
2181,ZFAND2A 
2182,ZFP36L1 
2183,ZFP36L2 
2184,ZFP36 
2185,ZNF117 
2186,ZNF165 
2187,ZNF208 
2188,ZNF217 
2189,ZNF292 
2190,ZNF331 
2191,ZNF469 
2192,ZNF503 
2193,ZNF697 
2194,ZNF704 
2195,ZPLD1 
2196,ZSCAN12P1 
2197,ZSCAN31 
2198,ZWINT 
2199,ZYX 
